ExplorationRatio,AvgTime,AvgPerformance
0.1,2.1267685,0.338462201614372
0.2,2.04944703333333,0.573969536501181
0.3,2.1050914,0.351315497982569
0.4,1.97582003333333,0.646504151473588
0.5,2.10080006666667,-0.15203479729765
0.6,2.32010676666667,0.0611799370644803
0.7,2.34248333333333,4.20259495046533
0.8,2.40271763333333,7.8393832738869
0.9,2.5964218,4.78215013549743
