ExplorationRatio,AvgTime,AvgPerformance
0.1,1.93591526666667,10.7092382333467
0.2,1.80974556666667,14.1951497398855
0.3,1.95880253333333,10.5354875515048
0.4,2.27514396666667,19.1661167112903
0.5,2.2567312,14.4306565323934
0.6,2.6279422,20.5954648361905
0.7,2.50571833333333,13.79847906712
0.8,2.56719746666667,21.4831360532659
0.9,2.38092173333333,11.3674796940306
